{
  "total_trades": 211218,
  "total_volume": 1191098773.6000001,
  "unique_traders": 32,
  "unique_coins": 246,
  "extreme_fear_avg_pnl": 34.53786207897196,
  "extreme_fear_win_rate": 37.0607476635514,
  "extreme_fear_avg_size": 5349.7318429906545,
  "extreme_fear_trade_count": 21400,
  "fear_avg_pnl": 54.29039962549929,
  "fear_win_rate": 42.07675016575836,
  "fear_avg_size": 7816.109930785775,
  "fear_trade_count": 61837,
  "neutral_avg_pnl": 34.307718398078855,
  "neutral_win_rate": 39.69909250119408,
  "neutral_avg_size": 4782.732661465796,
  "neutral_trade_count": 37686,
  "greed_avg_pnl": 42.74355948851957,
  "greed_win_rate": 38.48279426674354,
  "greed_avg_size": 5736.884375086972,
  "greed_trade_count": 50303,
  "extreme_greed_avg_pnl": 67.89286133909282,
  "extreme_greed_win_rate": 46.49429885977195,
  "extreme_greed_avg_size": 3112.2515645629123,
  "extreme_greed_trade_count": 39992,
  "overall_buy_ratio": 48.61801551004176,
  "best_sentiment": "Extreme Greed",
  "worst_sentiment": "Neutral",
  "pnl_improving_sentiment": 62.452317977084114,
  "pnl_worsening_sentiment": 35.886177822430696,
  "cluster_0_size": 19,
  "cluster_0_label": "\ud83d\udc0b High-Volume Whales",
  "cluster_0_avg_pnl": 182767.16242810528,
  "cluster_0_win_rate": 39.79786074594601,
  "cluster_1_size": 5,
  "cluster_1_label": "\ud83d\udc0b High-Volume Whales",
  "cluster_1_avg_pnl": 601234.4721992,
  "cluster_1_win_rate": 34.56236197674518,
  "cluster_2_size": 8,
  "cluster_2_label": "\ud83d\udcca Moderate Traders",
  "cluster_2_avg_pnl": 471967.312772,
  "cluster_2_win_rate": 45.067090651564214
}